<?xml version="1.0" encoding="UTF-8"?>
<metadata xml:lang="zh"><Esri><CreaDate>20220828</CreaDate><CreaTime>19044000</CreaTime><ArcGISFormat>1.0</ArcGISFormat><SyncOnce>TRUE</SyncOnce><DataProperties><lineage><Process ToolSource="d:\soft\arcgis\desktop10.6\ArcToolbox\Toolboxes\Data Management Tools.tbx\CalculateField" Date="20220825" Time="182957">CalculateField 2021年县矢量 year 2022 VB #</Process><Process ToolSource="d:\soft\arcgis\desktop10.6\ArcToolbox\Toolboxes\Data Management Tools.tbx\CalculateField" Date="20220828" Time="173323">CalculateField 2022年县矢量 NAME_1 "Shaanxi" VB #</Process><Process ToolSource="e:\program files (x86)\arcgis\desktop10.8\ArcToolbox\Toolboxes\Data Management Tools.tbx\CalculateField" Date="20221221" Time="181517">CalculateField 2022年\2022县矢量 曾用名 "怀仁县" VB #</Process><Process ToolSource="e:\program files (x86)\arcgis\desktop10.8\ArcToolbox\Toolboxes\Data Management Tools.tbx\CalculateField" Date="20221221" Time="181920">CalculateField 2022年\2022县矢量 曾用名 "余江县" VB #</Process><Process ToolSource="e:\program files (x86)\arcgis\desktop10.8\ArcToolbox\Toolboxes\Data Management Tools.tbx\CalculateField" Date="20221221" Time="182601">CalculateField 2022年\2022县矢量 曾用名 "马龙县" VB #</Process><Process ToolSource="e:\program files (x86)\arcgis\desktop10.8\ArcToolbox\Toolboxes\Data Management Tools.tbx\CalculateField" Date="20221221" Time="212511">CalculateField 2022年\2022县矢量 曾用名 "济阳县" VB #</Process><Process ToolSource="e:\program files (x86)\arcgis\desktop10.8\ArcToolbox\Toolboxes\Data Management Tools.tbx\CalculateField" Date="20221221" Time="212838">CalculateField 2022年\2022县矢量 曾用名 "邹平县" VB #</Process><Process ToolSource="e:\program files (x86)\arcgis\desktop10.8\ArcToolbox\Toolboxes\Data Management Tools.tbx\CalculateField" Date="20221221" Time="213601">CalculateField 2022年\2022县矢量 曾用名 "株洲县" VB #</Process><Process ToolSource="e:\program files (x86)\arcgis\desktop10.8\ArcToolbox\Toolboxes\Data Management Tools.tbx\CalculateField" Date="20221221" Time="215512">CalculateField 2022年\2022县矢量 曾用名 "宜宾县" VB #</Process><Process ToolSource="e:\program files (x86)\arcgis\desktop10.8\ArcToolbox\Toolboxes\Data Management Tools.tbx\CalculateField" Date="20221221" Time="220103">CalculateField 2022年\2022县矢量 曾用名 "彬县" VB #</Process><Process ToolSource="e:\program files (x86)\arcgis\desktop10.8\ArcToolbox\Toolboxes\Data Management Tools.tbx\CalculateField" Date="20221221" Time="220856">CalculateField 2022年\2022县矢量 曾用名 "海安县" VB #</Process><Process ToolSource="e:\program files (x86)\arcgis\desktop10.8\ArcToolbox\Toolboxes\Data Management Tools.tbx\CalculateField" Date="20221221" Time="221352">CalculateField 2022年\2022县矢量 曾用名 "漠河县" VB #</Process><Process ToolSource="e:\program files (x86)\arcgis\desktop10.8\ArcToolbox\Toolboxes\Data Management Tools.tbx\CalculateField" Date="20221221" Time="222718">CalculateField 2022年\2022县矢量 曾用名 "京山县" VB #</Process><Process ToolSource="e:\program files (x86)\arcgis\desktop10.8\ArcToolbox\Toolboxes\Data Management Tools.tbx\CalculateField" Date="20221221" Time="223232">CalculateField 2022年\2022县矢量 曾用名 "滦县" VB #</Process><Process ToolSource="e:\program files (x86)\arcgis\desktop10.8\ArcToolbox\Toolboxes\Data Management Tools.tbx\CalculateField" Date="20221221" Time="224440">CalculateField 2022年\2022县矢量 曾用名 "潜山县" VB #</Process><Process ToolSource="e:\program files (x86)\arcgis\desktop10.8\ArcToolbox\Toolboxes\Data Management Tools.tbx\CalculateField" Date="20221221" Time="224846">CalculateField 2022年\2022县矢量 曾用名 "荔浦县" VB #</Process><Process ToolSource="e:\program files (x86)\arcgis\desktop10.8\ArcToolbox\Toolboxes\Data Management Tools.tbx\CalculateField" Date="20221221" Time="225224">CalculateField 2022年\2022县矢量 曾用名 "兴仁县" VB #</Process><Process ToolSource="e:\program files (x86)\arcgis\desktop10.8\ArcToolbox\Toolboxes\Data Management Tools.tbx\CalculateField" Date="20221221" Time="225654">CalculateField 2022年\2022县矢量 曾用名 "水富县" VB #</Process><Process ToolSource="e:\program files (x86)\arcgis\desktop10.8\ArcToolbox\Toolboxes\Data Management Tools.tbx\CalculateField" Date="20221221" Time="230049">CalculateField 2022年\2022县矢量 曾用名 "华亭县" VB #</Process><Process ToolSource="e:\program files (x86)\arcgis\desktop10.8\ArcToolbox\Toolboxes\Data Management Tools.tbx\CalculateField" Date="20221222" Time="011805">CalculateField 2022年\2022县矢量 曾用名 "九江县" VB #</Process><Process ToolSource="e:\program files (x86)\arcgis\desktop10.8\ArcToolbox\Toolboxes\Data Management Tools.tbx\CalculateField" Date="20221222" Time="012414">CalculateField 2022年\2022县矢量 曾用名 "罗江县" VB #</Process><Process ToolSource="e:\program files (x86)\arcgis\desktop10.8\ArcToolbox\Toolboxes\Data Management Tools.tbx\CalculateField" Date="20221222" Time="013615">CalculateField 2022年\2022县矢量 曾用名 "达孜县" VB #</Process><Process ToolSource="e:\program files (x86)\arcgis\desktop10.8\ArcToolbox\Toolboxes\Data Management Tools.tbx\CalculateField" Date="20221222" Time="014509">CalculateField 2022年\2022县矢量 曾用名 "那曲县" VB #</Process><Process ToolSource="e:\program files (x86)\arcgis\desktop10.8\ArcToolbox\Toolboxes\Data Management Tools.tbx\CalculateField" Date="20221222" Time="015227">CalculateField 2022年\2022县矢量 曾用名 "南郑县" VB #</Process><Process ToolSource="e:\program files (x86)\arcgis\desktop10.8\ArcToolbox\Toolboxes\Data Management Tools.tbx\CalculateField" Date="20221222" Time="015733">CalculateField 2022年\2022县矢量 曾用名 "神木县" VB #</Process><Process ToolSource="e:\program files (x86)\arcgis\desktop10.8\ArcToolbox\Toolboxes\Data Management Tools.tbx\CalculateField" Date="20221222" Time="103450">CalculateField 2022年\2022县矢量 曾用名 "平泉县" VB #</Process><Process ToolSource="e:\program files (x86)\arcgis\desktop10.8\ArcToolbox\Toolboxes\Data Management Tools.tbx\CalculateField" Date="20221222" Time="104207">CalculateField 2022年\2022县矢量 曾用名 "玉环县" VB #</Process><Process ToolSource="e:\program files (x86)\arcgis\desktop10.8\ArcToolbox\Toolboxes\Data Management Tools.tbx\CalculateField" Date="20221222" Time="105004">CalculateField 2022年\2022县矢量 曾用名 "临安市" VB #</Process><Process ToolSource="e:\program files (x86)\arcgis\desktop10.8\ArcToolbox\Toolboxes\Data Management Tools.tbx\CalculateField" Date="20221222" Time="110027">CalculateField 2022年\2022县矢量 曾用名 "隆昌县" VB #</Process><Process ToolSource="e:\program files (x86)\arcgis\desktop10.8\ArcToolbox\Toolboxes\Data Management Tools.tbx\CalculateField" Date="20221222" Time="110554">CalculateField 2022年\2022县矢量 曾用名 "宁乡县" VB #</Process><Process ToolSource="e:\program files (x86)\arcgis\desktop10.8\ArcToolbox\Toolboxes\Data Management Tools.tbx\CalculateField" Date="20221222" Time="111613">CalculateField 2022年\2022县矢量 曾用名 "盘县" VB #</Process><Process ToolSource="e:\program files (x86)\arcgis\desktop10.8\ArcToolbox\Toolboxes\Data Management Tools.tbx\CalculateField" Date="20221222" Time="112256">CalculateField 2022年\2022县矢量 曾用名 "长乐市" VB #</Process><Process ToolSource="e:\program files (x86)\arcgis\desktop10.8\ArcToolbox\Toolboxes\Data Management Tools.tbx\CalculateField" Date="20221222" Time="115109">CalculateField 2022年\2022县矢量 曾用名 "即墨市" VB #</Process><Process ToolSource="e:\program files (x86)\arcgis\desktop10.8\ArcToolbox\Toolboxes\Data Management Tools.tbx\CalculateField" Date="20221224" Time="104834">CalculateField 2022年\2022县矢量 曾用名 "崇礼县" VB #</Process><Process ToolSource="e:\program files (x86)\arcgis\desktop10.8\ArcToolbox\Toolboxes\Data Management Tools.tbx\CalculateField" Date="20221224" Time="104955">CalculateField 2022年\2022县矢量 曾用名 "万全县" VB #</Process><Process ToolSource="e:\program files (x86)\arcgis\desktop10.8\ArcToolbox\Toolboxes\Data Management Tools.tbx\CalculateField" Date="20221224" Time="112339">CalculateField 2022年\2022县矢量 曾用名 "肥乡县" VB #</Process><Process ToolSource="e:\program files (x86)\arcgis\desktop10.8\ArcToolbox\Toolboxes\Data Management Tools.tbx\CalculateField" Date="20221224" Time="112501">CalculateField 2022年\2022县矢量 曾用名 "永年县" VB #</Process><Process ToolSource="e:\program files (x86)\arcgis\desktop10.8\ArcToolbox\Toolboxes\Data Management Tools.tbx\CalculateField" Date="20221224" Time="115517">CalculateField 2022年\2022县矢量 曾用名 "冀州市" VB #</Process><Process ToolSource="e:\program files (x86)\arcgis\desktop10.8\ArcToolbox\Toolboxes\Data Management Tools.tbx\CalculateField" Date="20221224" Time="130430">CalculateField 2022年\2022县矢量 曾用名 "大洼县" VB #</Process><Process ToolSource="e:\program files (x86)\arcgis\desktop10.8\ArcToolbox\Toolboxes\Data Management Tools.tbx\CalculateField" Date="20221224" Time="130546">CalculateField 2022年\2022县矢量 曾用名 "辽中县" VB #</Process><Process ToolSource="e:\program files (x86)\arcgis\desktop10.8\ArcToolbox\Toolboxes\Data Management Tools.tbx\CalculateField" Date="20221224" Time="131643">CalculateField 2022年\2022县矢量 曾用名 "垦利县" VB #</Process><Process ToolSource="e:\program files (x86)\arcgis\desktop10.8\ArcToolbox\Toolboxes\Data Management Tools.tbx\CalculateField" Date="20221224" Time="131913">CalculateField 2022年\2022县矢量 曾用名 "定陶县" VB #</Process><Process ToolSource="e:\program files (x86)\arcgis\desktop10.8\ArcToolbox\Toolboxes\Data Management Tools.tbx\CalculateField" Date="20221224" Time="132135">CalculateField 2022年\2022县矢量 曾用名 "章丘市" VB #</Process><Process ToolSource="e:\program files (x86)\arcgis\desktop10.8\ArcToolbox\Toolboxes\Data Management Tools.tbx\CalculateField" Date="20221224" Time="134527">CalculateField 2022年\2022县矢量 曾用名 "沾益县" VB #</Process><Process ToolSource="e:\program files (x86)\arcgis\desktop10.8\ArcToolbox\Toolboxes\Data Management Tools.tbx\CalculateField" Date="20221224" Time="134808">CalculateField 2022年\2022县矢量 曾用名 "晋宁县" VB #</Process><Process ToolSource="e:\program files (x86)\arcgis\desktop10.8\ArcToolbox\Toolboxes\Data Management Tools.tbx\CalculateField" Date="20221224" Time="135027">CalculateField 2022年\2022县矢量 曾用名 "泸水县" VB #</Process><Process ToolSource="e:\program files (x86)\arcgis\desktop10.8\ArcToolbox\Toolboxes\Data Management Tools.tbx\CalculateField" Date="20221224" Time="141902">CalculateField 2022年\2022县矢量 曾用名 "柳江县" VB #</Process><Process ToolSource="e:\program files (x86)\arcgis\desktop10.8\ArcToolbox\Toolboxes\Data Management Tools.tbx\CalculateField" Date="20221224" Time="142535">CalculateField 2022年\2022县矢量 曾用名 "宜州市" VB #</Process><Process ToolSource="e:\program files (x86)\arcgis\desktop10.8\ArcToolbox\Toolboxes\Data Management Tools.tbx\CalculateField" Date="20221224" Time="142605">CalculateField 2022年\2022县矢量 地名 "宜州市" VB #</Process><Process ToolSource="e:\program files (x86)\arcgis\desktop10.8\ArcToolbox\Toolboxes\Data Management Tools.tbx\CalculateField" Date="20221224" Time="142618">CalculateField 2022年\2022县矢量 地名 "宜州区" VB #</Process><Process ToolSource="e:\program files (x86)\arcgis\desktop10.8\ArcToolbox\Toolboxes\Data Management Tools.tbx\CalculateField" Date="20221224" Time="145213">CalculateField 2022年\2022县矢量 曾用名 "遵义县" VB #</Process><Process ToolSource="e:\program files (x86)\arcgis\desktop10.8\ArcToolbox\Toolboxes\Data Management Tools.tbx\CalculateField" Date="20221224" Time="151021">CalculateField 2022年\2022县矢量 曾用名 "安县" VB #</Process><Process ToolSource="e:\program files (x86)\arcgis\desktop10.8\ArcToolbox\Toolboxes\Data Management Tools.tbx\CalculateField" Date="20221224" Time="155110">CalculateField 2022年\2022县矢量 曾用名 "崇明县" VB #</Process><Process ToolSource="e:\program files (x86)\arcgis\desktop10.8\ArcToolbox\Toolboxes\Data Management Tools.tbx\CalculateField" Date="20221224" Time="155559">CalculateField 2022年\2022县矢量 曾用名 "郫县" VB #</Process><Process ToolSource="e:\program files (x86)\arcgis\desktop10.8\ArcToolbox\Toolboxes\Data Management Tools.tbx\CalculateField" Date="20221224" Time="160705">CalculateField 2022年\2022县矢量 曾用名 "蓟县" VB #</Process><Process ToolSource="e:\program files (x86)\arcgis\desktop10.8\ArcToolbox\Toolboxes\Data Management Tools.tbx\CalculateField" Date="20221224" Time="162317">CalculateField 2022年\2022县矢量 曾用名 "开县" VB #</Process><Process ToolSource="e:\program files (x86)\arcgis\desktop10.8\ArcToolbox\Toolboxes\Data Management Tools.tbx\CalculateField" Date="20221224" Time="162433">CalculateField 2022年\2022县矢量 曾用名 "梁平县" VB #</Process><Process ToolSource="e:\program files (x86)\arcgis\desktop10.8\ArcToolbox\Toolboxes\Data Management Tools.tbx\CalculateField" Date="20221224" Time="163035">CalculateField 2022年\2022县矢量 曾用名 "武隆县" VB #</Process><Process ToolSource="e:\program files (x86)\arcgis\desktop10.8\ArcToolbox\Toolboxes\Data Management Tools.tbx\CalculateField" Date="20221224" Time="165009">CalculateField 2022年\2022县矢量 曾用名 "洪泽县" VB #</Process><Process ToolSource="e:\program files (x86)\arcgis\desktop10.8\ArcToolbox\Toolboxes\Data Management Tools.tbx\CalculateField" Date="20221224" Time="173031">CalculateField 2022年\2022县矢量 曾用名 "安塞县" VB #</Process><Process ToolSource="e:\program files (x86)\arcgis\desktop10.8\ArcToolbox\Toolboxes\Data Management Tools.tbx\CalculateField" Date="20221224" Time="173205">CalculateField 2022年\2022县矢量 曾用名 "鄠邑区" VB #</Process><Process ToolSource="e:\program files (x86)\arcgis\desktop10.8\ArcToolbox\Toolboxes\Data Management Tools.tbx\CalculateField" Date="20221224" Time="173650">CalculateField 2022年\2022县矢量 曾用名 "户县" VB #</Process><Process ToolSource="e:\program files (x86)\arcgis\desktop10.8\ArcToolbox\Toolboxes\Data Management Tools.tbx\CalculateField" Date="20221224" Time="175614">CalculateField 2022年\2022县矢量 曾用名 "赣县" VB #</Process><Process ToolSource="e:\program files (x86)\arcgis\desktop10.8\ArcToolbox\Toolboxes\Data Management Tools.tbx\CalculateField" Date="20221224" Time="180325">CalculateField 2022年\2022县矢量 曾用名 "东乡县" VB #</Process><Process ToolSource="e:\program files (x86)\arcgis\desktop10.8\ArcToolbox\Toolboxes\Data Management Tools.tbx\CalculateField" Date="20221224" Time="183755">CalculateField 2022年\2022县矢量 曾用名 "奉化市" VB #</Process><Process ToolSource="e:\program files (x86)\arcgis\desktop10.8\ArcToolbox\Toolboxes\Data Management Tools.tbx\CalculateField" Date="20221224" Time="185220">CalculateField 2022年\2022县矢量 曾用名 "许昌县" VB #</Process><Process ToolSource="e:\program files (x86)\arcgis\desktop10.8\ArcToolbox\Toolboxes\Data Management Tools.tbx\CalculateField" Date="20221224" Time="185705">CalculateField 2022年\2022县矢量 曾用名 "抚远县" VB #</Process><Process ToolSource="e:\program files (x86)\arcgis\desktop10.8\ArcToolbox\Toolboxes\Data Management Tools.tbx\CalculateField" Date="20221224" Time="192005">CalculateField 2022年\2022县矢量 曾用名 "哈密市" VB #</Process><Process ToolSource="e:\program files (x86)\arcgis\desktop10.8\ArcToolbox\Toolboxes\Data Management Tools.tbx\CalculateField" Date="20221229" Time="101728">CalculateField 2022年\2022县矢量 曾用名 "靖西县" VB #</Process><Process ToolSource="e:\program files (x86)\arcgis\desktop10.8\ArcToolbox\Toolboxes\Data Management Tools.tbx\CalculateField" Date="20221229" Time="101928">CalculateField 2022年\2022县矢量 曾用名 "武鸣县" VB #</Process><Process ToolSource="e:\program files (x86)\arcgis\desktop10.8\ArcToolbox\Toolboxes\Data Management Tools.tbx\CalculateField" Date="20221229" Time="104257">CalculateField 2022年\2022县矢量 曾用名 "新建县" VB #</Process><Process ToolSource="e:\program files (x86)\arcgis\desktop10.8\ArcToolbox\Toolboxes\Data Management Tools.tbx\CalculateField" Date="20221229" Time="104841">CalculateField 2022年\2022县矢量 曾用名 "广丰县" VB #</Process><Process ToolSource="e:\program files (x86)\arcgis\desktop10.8\ArcToolbox\Toolboxes\Data Management Tools.tbx\CalculateField" Date="20221229" Time="111813">CalculateField 2022年\2022县矢量 曾用名 "平安县" VB #</Process><Process ToolSource="e:\program files (x86)\arcgis\desktop10.8\ArcToolbox\Toolboxes\Data Management Tools.tbx\CalculateField" Date="20221229" Time="130257">CalculateField 2022年\2022县矢量 曾用名 "陕县" VB #</Process><Process ToolSource="e:\program files (x86)\arcgis\desktop10.8\ArcToolbox\Toolboxes\Data Management Tools.tbx\CalculateField" Date="20221229" Time="132305">CalculateField 2022年\2022县矢量 曾用名 "满城县" VB #</Process><Process ToolSource="e:\program files (x86)\arcgis\desktop10.8\ArcToolbox\Toolboxes\Data Management Tools.tbx\CalculateField" Date="20221229" Time="132548">CalculateField 2022年\2022县矢量 曾用名 "清苑县" VB #</Process><Process ToolSource="e:\program files (x86)\arcgis\desktop10.8\ArcToolbox\Toolboxes\Data Management Tools.tbx\CalculateField" Date="20221229" Time="132951">CalculateField 2022年\2022县矢量 曾用名 "徐水区" VB #</Process><Process ToolSource="e:\program files (x86)\arcgis\desktop10.8\ArcToolbox\Toolboxes\Data Management Tools.tbx\CalculateField" Date="20221229" Time="133038">CalculateField 2022年\2022县矢量 曾用名 "徐水县" VB #</Process><Process ToolSource="e:\program files (x86)\arcgis\desktop10.8\ArcToolbox\Toolboxes\Data Management Tools.tbx\CalculateField" Date="20221229" Time="134402">CalculateField 2022年\2022县矢量 曾用名 "新市区" VB #</Process><Process ToolSource="e:\program files (x86)\arcgis\desktop10.8\ArcToolbox\Toolboxes\Data Management Tools.tbx\CalculateField" Date="20221229" Time="135456">CalculateField 2022年\2022县矢量 曾用名 "北市区、南市区" VB #</Process><Process ToolSource="e:\program files (x86)\arcgis\desktop10.8\ArcToolbox\Toolboxes\Data Management Tools.tbx\CalculateField" Date="20221229" Time="141423">CalculateField 2022年\2022县矢量 曾用名 "抚宁县" VB #</Process><Process ToolSource="e:\program files (x86)\arcgis\desktop10.8\ArcToolbox\Toolboxes\Data Management Tools.tbx\CalculateField" Date="20221229" Time="143635">CalculateField 2022年\2022县矢量 曾用名 "潼南县" VB #</Process><Process ToolSource="e:\program files (x86)\arcgis\desktop10.8\ArcToolbox\Toolboxes\Data Management Tools.tbx\CalculateField" Date="20221229" Time="144050">CalculateField 2022年\2022县矢量 曾用名 "荣昌县" VB #</Process><Process ToolSource="e:\program files (x86)\arcgis\desktop10.8\ArcToolbox\Toolboxes\Data Management Tools.tbx\CalculateField" Date="20221229" Time="151604">CalculateField 2022年\2022县矢量 曾用名 "金坛市" VB #</Process><Process ToolSource="e:\program files (x86)\arcgis\desktop10.8\ArcToolbox\Toolboxes\Data Management Tools.tbx\CalculateField" Date="20221229" Time="152418">CalculateField 2022年\2022县矢量 曾用名 "大丰市" VB #</Process><Process ToolSource="e:\program files (x86)\arcgis\desktop10.8\ArcToolbox\Toolboxes\Data Management Tools.tbx\CalculateField" Date="20221229" Time="161400">CalculateField 2022年\2022县矢量 曾用名 "高要市" VB #</Process><Process ToolSource="e:\program files (x86)\arcgis\desktop10.8\ArcToolbox\Toolboxes\Data Management Tools.tbx\CalculateField" Date="20221229" Time="162204">CalculateField 2022年\2022县矢量 曾用名 "静海县" VB #</Process><Process ToolSource="e:\program files (x86)\arcgis\desktop10.8\ArcToolbox\Toolboxes\Data Management Tools.tbx\CalculateField" Date="20221229" Time="162319">CalculateField 2022年\2022县矢量 曾用名 "宁河县" VB #</Process><Process ToolSource="e:\program files (x86)\arcgis\desktop10.8\ArcToolbox\Toolboxes\Data Management Tools.tbx\CalculateField" Date="20221229" Time="174741">CalculateField 2022年\2022县矢量 曾用名 "洞头县" VB #</Process><Process ToolSource="e:\program files (x86)\arcgis\desktop10.8\ArcToolbox\Toolboxes\Data Management Tools.tbx\CalculateField" Date="20221229" Time="180245">CalculateField 2022年\2022县矢量 曾用名 "密云县" VB #</Process><Process ToolSource="e:\program files (x86)\arcgis\desktop10.8\ArcToolbox\Toolboxes\Data Management Tools.tbx\CalculateField" Date="20221229" Time="180402">CalculateField 2022年\2022县矢量 曾用名 "延庆县" VB #</Process><Process ToolSource="e:\program files (x86)\arcgis\desktop10.8\ArcToolbox\Toolboxes\Data Management Tools.tbx\CalculateField" Date="20221229" Time="182406">CalculateField 2022年\2022县矢量 曾用名 "堆龙德庆县" VB #</Process><Process ToolSource="e:\program files (x86)\arcgis\desktop10.8\ArcToolbox\Toolboxes\Data Management Tools.tbx\CalculateField" Date="20221229" Time="184508">CalculateField 2022年\2022县矢量 曾用名 "林芝县" VB #</Process><Process ToolSource="e:\program files (x86)\arcgis\desktop10.8\ArcToolbox\Toolboxes\Data Management Tools.tbx\CalculateField" Date="20221229" Time="185633">CalculateField 2022年\2022县矢量 曾用名 "华县" VB #</Process><Process ToolSource="e:\program files (x86)\arcgis\desktop10.8\ArcToolbox\Toolboxes\Data Management Tools.tbx\CalculateField" Date="20221229" Time="203356">CalculateField 2022年\2022县矢量 曾用名 "横山县" VB #</Process><Process ToolSource="e:\program files (x86)\arcgis\desktop10.8\ArcToolbox\Toolboxes\Data Management Tools.tbx\CalculateField" Date="20221229" Time="204004">CalculateField 2022年\2022县矢量 曾用名 "普兰店市" VB #</Process><Process ToolSource="e:\program files (x86)\arcgis\desktop10.8\ArcToolbox\Toolboxes\Data Management Tools.tbx\CalculateField" Date="20221229" Time="211342">CalculateField 2022年\2022县矢量 曾用名 "铜陵县" VB #</Process><Process ToolSource="e:\program files (x86)\arcgis\desktop10.8\ArcToolbox\Toolboxes\Data Management Tools.tbx\CalculateField" Date="20221230" Time="152524">CalculateField 2022年\2022县矢量 曾用名 "铜官山区、狮子山区" VB #</Process><Process ToolSource="e:\program files (x86)\arcgis\desktop10.8\ArcToolbox\Toolboxes\Data Management Tools.tbx\CalculateField" Date="20221230" Time="154639">CalculateField 2022年\2022县矢量 曾用名 "双流县" VB #</Process><Process ToolSource="e:\program files (x86)\arcgis\desktop10.8\ArcToolbox\Toolboxes\Data Management Tools.tbx\CalculateField" Date="20221230" Time="155840">CalculateField 2022年\2022县矢量 曾用名 "康定县" VB #</Process><Process ToolSource="e:\program files (x86)\arcgis\desktop10.8\ArcToolbox\Toolboxes\Data Management Tools.tbx\CalculateField" Date="20221230" Time="160146">CalculateField 2022年\2022县矢量 曾用名 "马尔康县" VB #</Process><Process ToolSource="e:\program files (x86)\arcgis\desktop10.8\ArcToolbox\Toolboxes\Data Management Tools.tbx\CalculateField" Date="20221230" Time="161258">CalculateField 2022年\2022县矢量 曾用名 "江川县" VB #</Process><Process ToolSource="e:\program files (x86)\arcgis\desktop10.8\ArcToolbox\Toolboxes\Data Management Tools.tbx\CalculateField" Date="20221230" Time="161547">CalculateField 2022年\2022县矢量 曾用名 "腾冲县" VB #</Process><Process ToolSource="e:\program files (x86)\arcgis\desktop10.8\ArcToolbox\Toolboxes\Data Management Tools.tbx\CalculateField" Date="20221230" Time="162751">CalculateField 2022年\2022县矢量 曾用名 "东宁县" VB #</Process><Process ToolSource="e:\program files (x86)\arcgis\desktop10.8\ArcToolbox\Toolboxes\Data Management Tools.tbx\CalculateField" Date="20221230" Time="164622">CalculateField 2022年\2022县矢量 曾用名 "吐鲁番市" VB #</Process></lineage></DataProperties></Esri></metadata>
